Node,Degree Centrality,Betweenness Centrality,Closeness Centrality,Eigenvector Centrality,Clustering Coefficient
1264208004,1.0,1.0,1.0,0.707106500442864,0
MKahraba,0.16666666666666666,0.0,0.5454545454545454,0.2886752492078963,0
13AlyLotfy,0.16666666666666666,0.0,0.5454545454545454,0.2886752492078963,0
percymuzitau22,0.16666666666666666,0.0,0.5454545454545454,0.2886752492078963,0
Walid11Soliman,0.16666666666666666,0.0,0.5454545454545454,0.2886752492078963,0
ALAHLI_FC,0.16666666666666666,0.0,0.5454545454545454,0.2886752492078963,0
RCAofficiel,0.16666666666666666,0.0,0.5454545454545454,0.2886752492078963,0
